Title,MovieID,Genres,Rating
Toy Story 2 (1999),3114,Animation|Children's|Comedy,4.218927444794953
Toy Story (1995),1,Animation|Children's|Comedy,4.146846413095811
Chicken Run (2000),3751,Animation|Children's|Comedy,3.8796087283671934
"Bug's Life, A (1998)",2355,Animation|Children's|Comedy,3.854374633000587
"American Tail, An (1986)",2141,Animation|Children's|Comedy,3.4282178217821784
Saludos Amigos (1943),3611,Animation|Children's|Comedy,3.066666666666667
Aladdin and the King of Thieves (1996),1064,Animation|Children's|Comedy,2.8947368421052633
"American Tail: Fievel Goes West, An (1991)",2142,Animation|Children's|Comedy,2.8308457711442787
"Rugrats Movie, The (1998)",2354,Animation|Children's|Comedy,2.780141843971631
"Adventures of Rocky and Bullwinkle, The (2000)",3754,Animation|Children's|Comedy,2.495145631067961
Labyrinth (1986),1967,Adventure|Children's|Fantasy,3.637184115523466
"NeverEnding Story, The (1984)",2161,Adventure|Children's|Fantasy,3.6051502145922747
"Goonies, The (1985)",2005,Adventure|Children's|Fantasy,3.4972067039106145
Darby O'Gill and the Little People (1959),2043,Adventure|Children's|Fantasy,3.2721518987341773
"Indian in the Cupboard, The (1995)",60,Adventure|Children's|Fantasy,3.212885154061625
Jumanji (1995),2,Adventure|Children's|Fantasy,3.20114122681883
Escape to Witch Mountain (1975),1009,Adventure|Children's|Fantasy,3.185567010309278
Santa Claus: The Movie (1985),2399,Adventure|Children's|Fantasy,2.6681614349775784
"NeverEnding Story II: The Next Chapter, The (1990)",2162,Adventure|Children's|Fantasy,2.4124293785310735
Kids of the Round Table (1995),56,Adventure|Children's|Fantasy,2.0
"Philadelphia Story, The (1940)",898,Comedy|Romance,4.3006872852233675
Roman Holiday (1953),916,Comedy|Romance,4.216470588235294
"Lady Eve, The (1941)",2935,Comedy|Romance,4.1931034482758625
Annie Hall (1977),1230,Comedy|Romance,4.14167916041979
Shakespeare in Love (1998),2396,Comedy|Romance,4.127479949345715
Ninotchka (1939),936,Comedy|Romance,4.075757575757576
When Harry Met Sally... (1989),1307,Comedy|Romance,4.073341836734694
"Quiet Man, The (1952)",1226,Comedy|Romance,4.053097345132743
"Shop Around the Corner, The (1940)",3097,Comedy|Romance,4.038834951456311
"Closer You Get, The (2000)",3353,Comedy|Romance,4.0
Soft Fruit (1999),3410,Comedy|Drama,4.333333333333333
Life Is Beautiful (La Vita è bella) (1997),2324,Comedy|Drama,4.329861111111111
American Beauty (1999),2858,Comedy|Drama,4.3173862310385065
Cool Hand Luke (1967),1276,Comedy|Drama,4.253763440860215
"Christmas Story, A (1983)",2804,Comedy|Drama,4.238905325443787
Almost Famous (2000),3897,Comedy|Drama,4.22635814889336
Trust (1990),1236,Comedy|Drama,4.188888888888889
Cold Fever (Á köldum klaka) (1994),649,Comedy|Drama,4.1875
"Apartment, The (1960)",909,Comedy|Drama,4.127098321342926
All About My Mother (Todo Sobre Mi Madre) (1999),3083,Comedy|Drama,4.086294416243655
Follow the Bitch (1998),1830,Comedy,5.0
Smashing Time (1967),3233,Comedy,5.0
"General, The (1927)",3022,Comedy,4.368932038834951
Monty Python and the Holy Grail (1974),1136,Comedy,4.335209505941213
"Palm Beach Story, The (1942)",2937,Comedy,4.288461538461538
It Happened One Night (1934),905,Comedy,4.280748663101604
Ed's Next Move (1996),1002,Comedy,4.25
Window to Paris (1994),598,Comedy,4.25
His Girl Friday (1940),951,Comedy,4.249370277078086
Modern Times (1936),3462,Comedy,4.2360655737704915
Heat (1995),6,Action|Crime|Thriller,3.8787234042553194
F/X (1986),3763,Action|Crime|Thriller,3.570613409415121
Ronin (1998),2278,Action|Crime|Thriller,3.5272952853598016
Hackers (1995),170,Action|Crime|Thriller,3.146417445482866
Someone to Watch Over Me (1987),2956,Action|Crime|Thriller,3.1347517730496453
F/X 2 (1992),3764,Action|Crime|Thriller,2.6408163265306124
Fly Away Home (1996),986,Adventure|Children's,3.603448275862069
Swiss Family Robinson (1960),1017,Adventure|Children's,3.5869565217391304
In Search of the Castaways (1962),2056,Adventure|Children's,3.5
"Journey of Natty Gann, The (1985)",2077,Adventure|Children's,3.4935064935064934
Alaska (1996),808,Adventure|Children's,3.395348837209302
Black Beauty (1994),421,Adventure|Children's,3.3617021276595747
Homeward Bound: The Incredible Journey (1993),1015,Adventure|Children's,3.3461538461538463
"Incredible Journey, The (1963)",2057,Adventure|Children's,3.340659340659341
Wild America (1997),1582,Adventure|Children's,3.1666666666666665
"Charlie, the Lonesome Cougar (1967)",3345,Adventure|Children's,3.130434782608696
"Stranger, The (1994)",1434,Action,4.0
Goldfinger (1964),2947,Action,3.971014492753623
From Russia with Love (1963),2948,Action,3.8897535667963683
Dr. No (1962),2949,Action,3.874613003095975
"Taking of Pelham One Two Three, The (1974)",3384,Action,3.800724637681159
"Kid, The (1921)",3310,Action,3.7903225806451615
"Pope of Greenwich Village, The (1984)",2347,Action,3.736842105263158
Thunderball (1965),2993,Action,3.7054455445544554
Coldblooded (1995),394,Action,3.6666666666666665
Shanghai Noon (2000),3624,Action,3.6548672566371683
Clear and Present Danger (1994),349,Action|Adventure|Thriller,3.7261567516525025
"Rock, The (1996)",733,Action|Adventure|Thriller,3.723134328358209
GoldenEye (1995),10,Action|Adventure|Thriller,3.5405405405405403
"Perfect Storm, The (2000)",3755,Action|Adventure|Thriller,3.351431391905232
Con Air (1997),1552,Action|Adventure|Thriller,3.2662473794549265
Surviving the Game (1994),547,Action|Adventure|Thriller,2.879032258064516
Daylight (1996),798,Action|Adventure|Thriller,2.7058823529411766
Firestorm (1998),1744,Action|Adventure|Thriller,2.675324675324675
Chain Reaction (1996),836,Action|Adventure|Thriller,2.654008438818565
Maximum Risk (1996),990,Action|Adventure|Thriller,2.574074074074074
City Lights (1931),3307,Comedy|Drama|Romance,4.387453874538745
Cinema Paradiso (1988),1172,Comedy|Drama|Romance,4.287804878048781
Wings of Desire (Der Himmel über Berlin) (1987),1211,Comedy|Drama|Romance,4.1115702479338845
Manhattan (1979),1244,Comedy|Drama|Romance,4.082172701949861
Say Anything... (1989),2248,Comedy|Drama|Romance,4.017505470459518
Emma (1996),838,Comedy|Drama|Romance,3.8802395209580838
Twelfth Night (1996),892,Comedy|Drama|Romance,3.861842105263158
"American President, The (1995)",11,Comedy|Drama|Romance,3.7938044530493706
Broadcast News (1987),2243,Comedy|Drama|Romance,3.747782002534854
My Son the Fanatic (1998),2697,Comedy|Drama|Romance,3.7291666666666665
Young Frankenstein (1974),1278,Comedy|Horror,4.250628667225482
Ghostbusters (1984),2716,Comedy|Horror,3.9055479138010085
Near Dark (1987),3727,Comedy|Horror,3.7094594594594597
Abbott and Costello Meet Frankenstein (1948),3928,Comedy|Horror,3.441747572815534
Fright Night (1985),2867,Comedy|Horror,3.434640522875817
Bad Taste (1987),1255,Comedy|Horror,3.4074074074074074
Braindead (1992),1241,Comedy|Horror,3.357142857142857
Cemetery Man (Dellamorte Dellamore) (1994),735,Comedy|Horror,3.3564356435643563
"Frighteners, The (1996)",799,Comedy|Horror,3.3491124260355027
"Little Shop of Horrors, The (1960)",2747,Comedy|Horror,3.311797752808989
"Iron Giant, The (1999)",2761,Animation|Children's,4.0474777448071215
Winnie the Pooh and the Blustery Day (1968),1023,Animation|Children's,3.986425339366516
"Secret of NIMH, The (1982)",2139,Animation|Children's,3.850948509485095
Charlotte's Web (1973),2137,Animation|Children's,3.8229376257545273
Pinocchio (1940),596,Animation|Children's,3.751004016064257
Robin Hood (1973),3034,Animation|Children's,3.7434402332361514
Mulan (1998),1907,Animation|Children's,3.742857142857143
Bambi (1942),2018,Animation|Children's,3.738539898132428
Tarzan (1999),2687,Animation|Children's,3.665158371040724
"Sword in the Stone, The (1963)",1025,Animation|Children's,3.6109215017064846
Song of Freedom (1936),3382,Drama,5.0
Schlafes Bruder (Brother of Sleep) (1995),989,Drama,5.0
I Am Cuba (Soy Cuba/Ya Kuba) (1964),3245,Drama,4.8
Lamerica (1994),53,Drama,4.75
"Apple, The (Sib) (1998)",2503,Drama,4.666666666666667
"Shawshank Redemption, The (1994)",318,Drama,4.554557700942973
Dry Cleaning (Nettoyage à sec) (1997),2480,Drama,4.5
"Inheritors, The (Die Siebtelbauern) (1998)",2309,Drama,4.5
Mamma Roma (1962),557,Drama,4.5
"Callejón de los milagros, El (1995)",1795,Drama,4.5
"Mask of Zorro, The (1998)",2006,Action|Adventure|Romance,3.5615462868769074
Cutthroat Island (1995),15,Action|Adventure|Romance,2.458904109589041
North by Northwest (1959),908,Drama|Thriller,4.38403041825095
"Silence of the Lambs, The (1991)",593,Drama|Thriller,4.3518231186966645
Some Folks Call It a Sling Blade (1993),678,Drama|Thriller,4.245098039215686
Sling Blade (1996),1358,Drama|Thriller,4.208156329651657
Taxi Driver (1976),111,Drama|Thriller,4.183870967741935
"Green Mile, The (1999)",3147,Drama|Thriller,4.154664484451718
Outside Ozona (1998),2438,Drama|Thriller,4.0
"Spanish Prisoner, The (1997)",1834,Drama|Thriller,3.9391480730223125
Primal Fear (1996),628,Drama|Thriller,3.8969072164948453
I Can't Sleep (J'ai pas sommeil) (1994),1369,Drama|Thriller,3.8
Skipped Parts (2000),3888,Drama|Romance,4.5
"Graduate, The (1967)",1247,Drama|Romance,4.245836637589215
Children of Paradise (Les enfants du paradis) (1945),2920,Drama|Romance,4.19
"Postino, Il (The Postman) (1994)",58,Drama|Romance,4.093812375249501
Farewell My Concubine (1993),446,Drama|Romance,4.082677165354331
Brief Encounter (1946),2927,Drama|Romance,4.08080808080808
Beautiful Thing (1996),1046,Drama|Romance,4.066666666666666
Sense and Sensibility (1995),17,Drama|Romance,4.027544910179641
Leather Jacket Love Story (1997),1851,Drama|Romance,4.0
"Room with a View, A (1986)",1296,Drama|Romance,3.9964285714285714
"Sixth Sense, The (1999)",2762,Thriller,4.406262708418057
Seven Days in May (1964),3634,Thriller,4.254545454545455
"39 Steps, The (1935)",965,Thriller,4.075098814229249
"Spiral Staircase, The (1946)",3849,Thriller,4.046511627906977
Three Days of the Condor (1975),2819,Thriller,4.040752351097178
Nikita (La Femme Nikita) (1990),1249,Thriller,4.005457025920873
"Innocents, The (1961)",1076,Thriller,4.0
"Ipcress File, The (1965)",2983,Thriller,3.9876543209876543
Repulsion (1965),3075,Thriller,3.9855072463768115
One False Move (1991),3728,Thriller,3.9594594594594597
Get Shorty (1995),21,Action|Comedy|Drama,3.6238938053097347
Faster Pussycat! Kill! Kill! (1965),390,Action|Comedy|Drama,3.542372881355932
Buffalo 66 (1998),1916,Action|Comedy|Drama,3.505649717514124
Fargo (1996),608,Crime|Drama|Thriller,4.254675686430561
Once Upon a Time in America (1984),1227,Crime|Drama|Thriller,3.863070539419087
Amateur (1994),149,Crime|Drama|Thriller,3.7872340425531914
"Thomas Crown Affair, The (1968)",2764,Crime|Drama|Thriller,3.6
Copycat (1995),22,Crime|Drama|Thriller,3.3492063492063493
Kiss the Girls (1997),1620,Crime|Drama|Thriller,3.3367088607594937
Kiss of Death (1995),259,Crime|Drama|Thriller,2.843137254901961
Guilty as Sin (1993),463,Crime|Drama|Thriller,2.74468085106383
Desperate Measures (1998),1598,Crime|Drama|Thriller,2.7117117117117115
"Day the Earth Stood Still, The (1951)",1253,Drama|Sci-Fi,4.141323792486583
Close Encounters of the Third Kind (1977),3471,Drama|Sci-Fi,4.0144727773949
Twelve Monkeys (1995),32,Drama|Sci-Fi,3.945731303772336
Contact (1997),1584,Drama|Sci-Fi,3.768451519536903
Nineteen Eighty-Four (1984),2117,Drama|Sci-Fi,3.7194244604316546
Until the End of the World (Bis ans Ende der Welt) (1991),1306,Drama|Sci-Fi,3.6029411764705883
"Brother from Another Planet, The (1984)",3700,Drama|Sci-Fi,3.5853658536585367
Solaris (Solyaris) (1972),3503,Drama|Sci-Fi,3.4545454545454546
Conceiving Ada (1997),3293,Drama|Sci-Fi,3.4
Powder (1995),24,Drama|Sci-Fi,3.1794871794871793
Persuasion (1995),28,Romance,4.055865921787709
"Affair to Remember, An (1957)",932,Romance,3.9523809523809526
"Autumn Tale, An (Conte d'automne) (1998)",2708,Romance,3.8297872340425534
Trick (1999),2721,Romance,3.764705882352941
Mrs. Dalloway (1997),1684,Romance,3.7241379310344827
Walking and Talking (1996),803,Romance,3.6842105263157894
Dreaming of Joseph Lees (1998),2998,Romance,3.5384615384615383
Shooting Fish (1997),1755,Romance,3.533333333333333
"I Love You, I Love You Not (1996)",1685,Romance,3.5
"Tango Lesson, The (1997)",1669,Romance,3.4594594594594597
"City of Lost Children, The (1995)",29,Adventure|Sci-Fi,4.062034739454094
Fantastic Voyage (1966),3927,Adventure|Sci-Fi,3.5804597701149423
Voyage to the Bottom of the Sea (1961),3926,Adventure|Sci-Fi,3.361111111111111
Barbarella (1968),674,Adventure|Sci-Fi,3.0155440414507773
My Science Project (1985),2615,Adventure|Sci-Fi,3.0105820105820107
Mighty Peking Man (Hsing hsing wang) (1977),2602,Adventure|Sci-Fi,2.8333333333333335
Supernova (2000),3190,Adventure|Sci-Fi,2.1490683229813663
Baby... Secret of the Lost Legend (1985),3401,Adventure|Sci-Fi,2.106194690265487
"Big Blue, The (Le Grand Bleu) (1988)",1216,Adventure|Romance,3.6551724137931036
Golden Earrings (1947),925,Adventure|Romance,3.25
Medicine Man (1992),2822,Adventure|Romance,3.049429657794677
Wings of Courage (1995),33,Adventure|Romance,3.0
Excess Baggage (1997),1605,Adventure|Romance,2.659090909090909
Babe (1995),34,Children's|Comedy|Drama,3.8914905768132497
Wide Awake (1998),1812,Children's|Comedy|Drama,3.477272727272727
Pollyanna (1960),1014,Children's|Comedy|Drama,3.4044117647058822
"Gate of Heavenly Peace, The (1995)",787,Documentary,5.0
Bittersweet Motel (2000),3881,Documentary,5.0
For All Mankind (1989),3338,Documentary,4.444444444444445
Return with Honor (1998),2930,Documentary,4.4
Jupiter's Wife (1994),128,Documentary,4.333333333333333
When We Were Kings (1996),1147,Documentary,4.32129963898917
"Decline of Western Civilization, The (1981)",3679,Documentary,4.274193548387097
"Wonderful, Horrible Life of Leni Riefenstahl, The (Die Macht der Bilder) (1993)",363,Documentary,4.258064516129032
"Thin Blue Line, The (1988)",1189,Documentary,4.25278810408922
Stop Making Sense (1984),2859,Documentary,4.2343096234309625
Schindler's List (1993),527,Drama|War,4.510416666666667
Paths of Glory (1957),1178,Drama|War,4.473913043478261
"Bridge on the River Kwai, The (1957)",1250,Drama|War,4.386993603411514
"Grand Illusion (Grande illusion, La) (1937)",3134,Drama|War,4.33939393939394
Henry V (1989),1224,Drama|War,4.286384976525822
Kagemusha (1980),3091,Drama|War,4.283687943262412
Ran (1985),1217,Drama|War,4.26890756302521
Patton (1970),1272,Drama|War,4.266666666666667
"Killing Fields, The (1984)",1299,Drama|War,4.248633879781421
Apocalypse Now (1979),1208,Drama|War,4.243197278911564
"Godfather, The (1972)",858,Action|Crime|Drama,4.524966261808367
"Godfather: Part II, The (1974)",1221,Action|Crime|Drama,4.357565011820331
"Untouchables, The (1987)",2194,Action|Crime|Drama,4.007985803016859
"Limey, The (1999)",2912,Action|Crime|Drama,3.679324894514768
Menace II Society (1993),493,Action|Crime|Drama,3.6073825503355703
"Godfather: Part III, The (1990)",2023,Action|Crime|Drama,3.3449612403100777
Dead Presidents (1995),42,Action|Crime|Drama,2.8687782805429864
Sanjuro (1962),2905,Action|Adventure,4.608695652173913
Raiders of the Lost Ark (1981),1198,Action|Adventure,4.477724741447892
Indiana Jones and the Last Crusade (1989),1291,Action|Adventure,4.133292383292384
"Adventures of Robin Hood, The (1938)",940,Action|Adventure,3.9735449735449735
Highlander (1986),1275,Action|Adventure,3.8461538461538463
Indiana Jones and the Temple of Doom (1984),2115,Action|Adventure,3.676131322094055
"Poseidon Adventure, The (1972)",2013,Action|Adventure,3.454983922829582
Conan the Barbarian (1982),1587,Action|Adventure,3.4213286713286712
"Golden Voyage of Sinbad, The (1974)",3771,Action|Adventure,3.3973509933774833
"Ghost and the Darkness, The (1996)",1049,Action|Adventure,3.328159645232816
"Usual Suspects, The (1995)",50,Crime|Thriller,4.517106001121705
Reservoir Dogs (1992),1089,Crime|Thriller,4.13582208101668
Seven (Se7en) (1995),47,Crime|Thriller,4.106420404573439
Body Heat (1981),2917,Crime|Thriller,4.031746031746032
"Simple Plan, A (1998)",2391,Crime|Thriller,3.751677852348993
"Hard 8 (a.k.a. Sydney, a.k.a. Hard Eight) (1996)",2952,Crime|Thriller,3.747311827956989
Purple Noon (1960),659,Crime|Thriller,3.72
"Postman Always Rings Twice, The (1981)",3529,Crime|Thriller,3.470967741935484
Romeo Is Bleeding (1993),521,Crime|Thriller,3.3675213675213675
"Way of the Gun, The (2000)",3896,Crime|Thriller,3.3184357541899443
Pocahontas (1995),48,Animation|Children's|Musical|Romance,2.9764397905759163
Condition Red (1995),624,Action|Drama|Thriller,4.0
Born American (1986),3443,Action|Drama|Thriller,3.8
Smilla's Sense of Snow (1997),1480,Action|Drama|Thriller,3.279245283018868
Outbreak (1995),292,Action|Drama|Thriller,3.2687585266030013
Mercury Rising (1998),1833,Action|Drama|Thriller,3.003787878787879
Fire Down Below (1997),1626,Action|Drama|Thriller,2.5185185185185186
Get Carter (2000),3946,Action|Drama|Thriller,2.26
Tough and Deadly (1995),591,Action|Drama|Thriller,2.0
"Muppet Movie, The (1979)",3396,Children's|Comedy,3.8561827956989245
"Great Muppet Caper, The (1981)",3397,Children's|Comedy,3.7374301675977653
"Muppets Take Manhattan, The (1984)",3398,Children's|Comedy,3.504398826979472
Matilda (1996),837,Children's|Comedy,3.477064220183486
Babe: Pig in the City (1998),2384,Children's|Comedy,3.2906309751434035
"Love Bug, The (1969)",1010,Children's|Comedy,3.268595041322314
"Shaggy Dog, The (1959)",1016,Children's|Comedy,3.217948717948718
Freaky Friday (1977),2014,Children's|Comedy,3.1777777777777776
Muppets From Space (1999),2709,Children's|Comedy,3.1767241379310347
Madeline (1998),1919,Children's|Comedy,3.1724137931034484
"Hour of the Pig, The (1993)",578,Drama|Mystery,4.5
"Conversation, The (1974)",3730,Drama|Mystery,4.249448123620309
Anatomy of a Murder (1959),3801,Drama|Mystery,4.231155778894473
In the Heat of the Night (1967),1950,Drama|Mystery,4.129310344827586
Lone Star (1996),800,Drama|Mystery,4.082539682539682
"Red Violin, The (Le Violon rouge) (1998)",2686,Drama|Mystery,3.9622641509433962
Picnic at Hanging Rock (1975),1913,Drama|Mystery,3.8263473053892216
Blowup (1966),3788,Drama|Mystery,3.8089430894308944
Klute (1971),1964,Drama|Mystery,3.80794701986755
Blue Velvet (1986),2076,Drama|Mystery,3.7629969418960245
Pi (1998),1921,Sci-Fi|Thriller,3.7911908646003263
Soylent Green (1973),2009,Sci-Fi|Thriller,3.518957345971564
Cube (1997),2232,Sci-Fi|Thriller,3.467811158798283
"Stepford Wives, The (1975)",2346,Sci-Fi|Thriller,3.3066666666666666
"Cell, The (2000)",3863,Sci-Fi|Thriller,3.2613981762917934
Quatermass II (1957),3659,Sci-Fi|Thriller,3.210526315789474
Retroactive (1997),3474,Sci-Fi|Thriller,3.1875
Runaway (1984),3937,Sci-Fi|Thriller,2.9407407407407407
Mimic (1997),1603,Sci-Fi|Thriller,2.925287356321839
Virtuosity (1995),338,Sci-Fi|Thriller,2.8823529411764706
From Dusk Till Dawn (1996),70,Action|Comedy|Crime|Horror|Thriller,3.1564551422319473
Nashville (1975),2303,Drama|Musical,3.92
Dancer in the Dark (2000),3910,Drama|Musical,3.82
"Misérables, Les (1995)",73,Drama|Musical,3.8169642857142856
"Umbrellas of Cherbourg, The (Parapluies de Cherbourg, Les) (1964)",199,Drama|Musical,3.8119658119658117
Backbeat (1993),346,Drama|Musical,3.525
Farinelli: il castrato (1994),242,Drama|Musical,3.5
"Doors, The (1991)",1093,Drama|Musical,3.4073529411764705
Evita (1996),1416,Drama|Musical,3.25531914893617
King Creole (1958),3605,Drama|Musical,3.0980392156862746
Selena (1997),1487,Drama|Musical,3.067901234567901
Atlantic City (1980),2130,Crime|Drama|Romance,3.8322368421052633
"Thieves (Voleurs, Les) (1996)",1415,Crime|Drama|Romance,3.5555555555555554
Things to Do in Denver when You're Dead (1995),81,Crime|Drama|Romance,3.1626506024096384
Dersu Uzala (1974),3470,Adventure|Drama,4.326086956521739
Fitzcarraldo (1982),2970,Adventure|Drama,3.9591836734693877
"Old Man and the Sea, The (1958)",1085,Adventure|Drama,3.7786259541984735
Easy Rider (1969),3168,Adventure|Drama,3.7711340206185566
Squanto: A Warrior's Tale (1994),2101,Adventure|Drama,3.533333333333333
White Squall (1996),86,Adventure|Drama,3.3940677966101696
"War, The (1994)",340,Adventure|Drama,3.2738095238095237
Passion in the Desert (1998),1899,Adventure|Drama,3.2
"Beach, The (2000)",3285,Adventure|Drama,2.702127659574468
Male and Female (1919),2821,Adventure|Drama,2.6666666666666665
"Killer, The (Die xue shuang xiong) (1989)",1218,Action|Thriller,4.19672131147541
Die Hard (1988),1036,Action|Thriller,4.121848739495798
"Fugitive, The (1993)",457,Action|Thriller,4.103258145363409
"Hunt for Red October, The (1990)",1610,Action|Thriller,4.052058111380146
In the Line of Fire (1993),474,Action|Thriller,3.825102880658436
Patriot Games (1992),3256,Action|Thriller,3.75
"Mariachi, El (1992)",3267,Action|Thriller,3.6873706004140785
Enemy of the State (1998),2353,Action|Thriller,3.687246963562753
"Thomas Crown Affair, The (1999)",2763,Action|Thriller,3.6418732782369148
"Negotiator, The (1998)",2058,Action|Thriller,3.6082603254067585
Muppet Treasure Island (1996),107,Adventure|Children's|Comedy|Musical,3.1484375
Saving Private Ryan (1998),2028,Action|Drama|War,4.337353938937053
"Boat, The (Das Boot) (1981)",1233,Action|Drama|War,4.302697302697303
Braveheart (1995),110,Action|Drama|War,4.234957020057307
Glory (1989),1242,Action|Drama|War,4.193345323741007
Full Metal Jacket (1987),1222,Action|Drama|War,4.110845295055821
"Longest Day, The (1962)",3062,Action|Drama|War,3.971590909090909
"Guns of Navarone, The (1961)",3654,Action|Drama|War,3.9641434262948207
"Patriot, The (2000)",3753,Action|Drama|War,3.7451612903225806
"Fighting Seabees, The (1944)",3643,Action|Drama|War,3.4356435643564356
Flying Tigers (1942),3628,Action|Drama|War,3.4158415841584158
Rumble in the Bronx (1995),112,Action|Adventure|Crime,3.443859649122807
Cliffhanger (1993),434,Action|Adventure|Crime,3.0845481049562684
Batman & Robin (1997),1562,Action|Adventure|Crime,2.257425742574257
Lured (1947),3656,Crime,5.0
Clean Slate (Coup de Torchon) (1981),681,Crime,3.933333333333333
"Long Goodbye, The (1973)",2511,Crime,3.8658536585365852
Go (1999),2580,Crime,3.854771784232365
Freeway (1996),1034,Crime,3.6449704142011834
"Young Poisoner's Handbook, The (1995)",117,Crime,3.632911392405063
"General, The (1998)",2425,Crime,3.6206896551724137
Monument Ave. (1998),2281,Crime,3.4545454545454546
Clay Pigeons (1998),2280,Crime,3.432
Gridlock'd (1997),1447,Crime,3.36734693877551
Chungking Express (1994),123,Drama|Mystery|Romance,3.869565217391304
Sommersby (1993),2875,Drama|Mystery|Romance,3.2577319587628866
Flesh and Bone (1993),451,Drama|Mystery|Romance,3.150943396226415
Lulu on the Bridge (1998),2873,Drama|Mystery|Romance,2.6818181818181817
Seven Samurai (The Magnificent Seven) (Shichinin no samurai) (1954),2019,Action|Drama,4.560509554140127
Gladiator (2000),3578,Action|Drama,4.106029106029106
Target (1995),139,Action|Drama,4.0
Heaven's Burning (1997),1832,Action|Drama,4.0
Men With Guns (1997),1788,Action|Drama,3.956043956043956
Rocky (1976),1954,Action|Drama,3.9433126660761735
"Night to Remember, A (1958)",3405,Action|Drama,3.875
Thelma & Louise (1991),3418,Action|Drama,3.6803105151729003
Romper Stomper (1992),522,Action|Drama,3.566265060240964
"Perfect World, A (1993)",507,Action|Drama,3.522727272727273
Casablanca (1942),912,Drama|Romance|War,4.412822049131217
From Here to Eternity (1953),1944,Drama|Romance|War,4.096153846153846
Doctor Zhivago (1965),2067,Drama|Romance|War,4.065602836879433
Gone with the Wind (1939),920,Drama|Romance|War,3.9974048442906573
Wings (1927),1925,Drama|Romance|War,3.888888888888889
"Crying Game, The (1992)",1094,Drama|Romance|War,3.7314890154597236
"Colonel Chabert, Le (1994)",389,Drama|Romance|War,3.7
"English Patient, The (1996)",1183,Drama|Romance|War,3.609706774519717
Rob Roy (1995),151,Drama|Romance|War,3.588447653429603
Ride with the Devil (1999),3117,Drama|Romance|War,3.3013698630136985
"Baby, The (1973)",3280,Horror,5.0
"Shining, The (1980)",1258,Horror,4.104875804967802
"Nosferatu (Nosferatu, eine Symphonie des Grauens) (1922)",1348,Horror,3.991596638655462
Frankenstein (1931),2648,Horror,3.9753694581280787
"Exorcist, The (1973)",1997,Horror,3.9559322033898305
Bride of Frankenstein (1935),1340,Horror,3.912037037037037
"Birds, The (1963)",1333,Horror,3.882673942701228
Dracula (1931),2644,Horror,3.827731092436975
Misery (1990),3499,Horror,3.82579185520362
"Wolf Man, The (1941)",2654,Horror,3.7611940298507465
Midnight Run (1988),3104,Action|Adventure|Comedy|Crime,3.8562091503267975
Batman Returns (1992),1377,Action|Adventure|Comedy|Crime,2.9767216294859358
Batman Forever (1995),153,Action|Adventure|Comedy|Crime,2.642213642213642
Duck Soup (1933),1256,Comedy|War,4.21043771043771
M*A*S*H (1970),1294,Comedy|War,4.124658780709736
Bananas (1971),1078,Comedy|War,3.836021505376344
Mediterraneo (1991),1184,Comedy|War,3.802197802197802
And the Ship Sails On (E la nave va) (1984),2897,Comedy|War,3.25
How I Won the War (1967),3049,Comedy|War,3.2432432432432434
Canadian Bacon (1994),157,Comedy|War,2.732620320855615
In the Army Now (1994),473,Comedy|War,2.225165562913907
McHale's Navy (1997),1445,Comedy|War,2.173076923076923
Congo (1995),160,Action|Adventure|Mystery|Sci-Fi,2.2389380530973453
Lifeboat (1944),2202,Drama|Thriller|War,3.943661971830986
Crimson Tide (1995),161,Drama|Thriller|War,3.723684210526316
Speed (1994),377,Action|Romance|Thriller,3.5654545454545454
Desperado (1995),163,Action|Romance|Thriller,3.4574074074074073
"Crow, The (1994)",353,Action|Romance|Thriller,3.4455040871934606
Tomorrow Never Dies (1997),1722,Action|Romance|Thriller,3.4419953596287702
"Saint, The (1997)",1479,Action|Romance|Thriller,3.197158081705151
Tequila Sunrise (1988),2802,Action|Romance|Thriller,3.088235294117647
Speed 2: Cruise Control (1997),1556,Action|Romance|Thriller,1.8719346049046321
L.A. Confidential (1997),1617,Crime|Film-Noir|Mystery|Thriller,4.219405594405594
Devil in a Blue Dress (1995),164,Crime|Film-Noir|Mystery|Thriller,3.5672823218997363
First Knight (1995),168,Action|Adventure|Drama|Romance,2.9502762430939224
Mighty Joe Young (1949),2430,Adventure|Children's|Drama,3.111111111111111
Buddy (1997),1551,Adventure|Children's|Drama,2.8333333333333335
Mighty Joe Young (1998),2429,Adventure|Children's|Drama,2.827777777777778
Free Willy (1993),455,Adventure|Children's|Drama,2.5894736842105264
Free Willy 2: The Adventure Home (1995),169,Adventure|Children's|Drama,2.017699115044248
Free Willy 3: The Rescue (1997),1595,Adventure|Children's|Drama,1.7384615384615385
"Matrix, The (1999)",2571,Action|Sci-Fi|Thriller,4.315830115830116
"Terminator, The (1984)",1240,Action|Sci-Fi|Thriller,4.152049571020019
Terminator 2: Judgment Day (1991),589,Action|Sci-Fi|Thriller,4.058512646281616
Predator (1987),3527,Action|Sci-Fi|Thriller,3.653816499614495
Face/Off (1997),1573,Action|Sci-Fi|Thriller,3.4011259676284307
eXistenZ (1999),2600,Action|Sci-Fi|Thriller,3.2560975609756095
"Arrival, The (1996)",748,Action|Sci-Fi|Thriller,3.1510791366906474
Nemesis 2: Nebula (1995),286,Action|Sci-Fi|Thriller,3.0
Deep Blue Sea (1999),2722,Action|Sci-Fi|Thriller,2.8729096989966556
Predator 2 (1990),3697,Action|Sci-Fi|Thriller,2.8678071539657854
Star Trek: The Wrath of Khan (1982),1374,Action|Adventure|Sci-Fi,3.880524861878453
Jurassic Park (1993),480,Action|Adventure|Sci-Fi,3.7638473053892216
Star Trek: First Contact (1996),1356,Action|Adventure|Sci-Fi,3.7091603053435116
Star Trek IV: The Voyage Home (1986),1376,Action|Adventure|Sci-Fi,3.6563055062166963
Superman (1978),2640,Action|Adventure|Sci-Fi,3.536824877250409
Stargate (1994),316,Action|Adventure|Sci-Fi,3.490143369175627
Logan's Run (1976),2528,Action|Adventure|Sci-Fi,3.4696485623003195
Star Trek VI: The Undiscovered Country (1991),1372,Action|Adventure|Sci-Fi,3.4095904095904097
Star Trek: Generations (1994),329,Action|Adventure|Sci-Fi,3.3767676767676766
Six-String Samurai (1998),2275,Action|Adventure|Sci-Fi,3.3661971830985915
"Next Karate Kid, The (1994)",502,Action|Children's,1.935483870967742
Mighty Morphin Power Rangers: The Movie (1995),181,Action|Children's,1.6129032258064515
3 Ninjas: High Noon On Mega Mountain (1998),1739,Action|Children's,1.3617021276595744
Invasion of the Body Snatchers (1956),2664,Horror|Sci-Fi,3.912420382165605
"Invisible Man, The (1933)",3932,Horror|Sci-Fi,3.75
Night of the Living Dead (1968),968,Horror|Sci-Fi,3.6713286713286712
"Fly, The (1986)",2455,Horror|Sci-Fi,3.4407096171802056
"Fly, The (1958)",2454,Horror|Sci-Fi,3.3583333333333334
Phantasm (1979),2901,Horror|Sci-Fi,3.203030303030303
"Blob, The (1958)",1334,Horror|Sci-Fi,3.136094674556213
Lifeforce (1985),2377,Horror|Sci-Fi,2.9453551912568305
Robert A. Heinlein's The Puppet Masters (1994),512,Horror|Sci-Fi,2.8715083798882683
Species (1995),196,Horror|Sci-Fi,2.8236363636363637
Robocop (1987),2985,Action|Crime|Sci-Fi,3.451586655817738
Strange Days (1995),198,Action|Crime|Sci-Fi,3.2958677685950413
Robocop 2 (1990),2986,Action|Crime|Sci-Fi,2.3813387423935093
High Noon (1952),1283,Western,4.1786600496277915
Unforgiven (1992),1266,Western,4.0902708124373115
"Wild Bunch, The (1969)",599,Western,4.087121212121212
"Searchers, The (1956)",3365,Western,4.085714285714285
"Outlaw Josey Wales, The (1976)",3508,Western,4.043835616438356
Once Upon a Time in the West (1969),1209,Western,4.023121387283237
For a Few Dollars More (1965),3681,Western,3.916923076923077
Dead Man (1995),714,Western,3.888888888888889
High Plains Drifter (1972),2921,Western,3.8832807570977916
Tombstone (1993),553,Western,3.8734177215189876
"Goofy Movie, A (1995)",239,Animation|Children's|Comedy|Romance,2.875
"Little Princess, A (1995)",262,Children's|Drama,3.872093023255814
Kim (1950),755,Children's|Drama,3.7777777777777777
"Secret Garden, The (1993)",531,Children's|Drama,3.769230769230769
Old Yeller (1957),1012,Children's|Drama,3.7043189368770766
"Little Princess, The (1939)",917,Children's|Drama,3.675324675324675
So Dear to My Heart (1949),1026,Children's|Drama,3.625
Kidnapped (1960),2079,Children's|Drama,3.5714285714285716
"Parent Trap, The (1961)",1013,Children's|Drama,3.565891472868217
Shiloh (1997),1547,Children's|Drama,3.324324324324324
Fluke (1995),241,Children's|Drama,3.310344827586207
"Bells, The (1926)",3517,Crime|Drama,4.5
Pulp Fiction (1994),296,Crime|Drama,4.278212805158913
GoodFellas (1990),1213,Crime|Drama,4.275196137598069
On the Waterfront (1954),1945,Crime|Drama,4.269749518304431
Bonnie and Clyde (1967),1084,Crime|Drama,4.096209912536443
Badlands (1973),3741,Crime|Drama,4.078838174273859
Croupier (1998),3783,Crime|Drama,4.029787234042553
Another Man's Poison (1952),3229,Crime|Drama,4.0
Illtown (1996),1842,Crime|Drama,4.0
Serpico (1973),3735,Crime|Drama,3.981818181818182
Heavenly Creatures (1994),247,Drama|Fantasy|Romance|Thriller,3.8658280922431865
Interview with the Vampire (1994),253,Drama|Horror,3.524390243902439
Eraserhead (1977),3676,Drama|Horror,3.4673366834170856
Ravenous (1999),2560,Drama|Horror,3.111111111111111
"Craft, The (1996)",724,Drama|Horror,3.0865384615384617
Bringing Out the Dead (1999),2976,Drama|Horror,3.0718132854578095
Needful Things (1993),2120,Drama|Horror,2.9421487603305785
Wolf (1994),382,Drama|Horror,2.9338235294117645
Mary Shelley's Frankenstein (1994),273,Drama|Horror,2.8975409836065573
Gothic (1986),3459,Drama|Horror,2.774193548387097
Possession (1981),3621,Drama|Horror,1.6666666666666667
Delicatessen (1991),1175,Comedy|Sci-Fi,4.002717391304348
Back to the Future (1985),1270,Comedy|Sci-Fi,3.9903213317847466
Sleeper (1973),1077,Comedy|Sci-Fi,3.9798387096774195
Repo Man (1984),1965,Comedy|Sci-Fi,3.6830892143808254
Mystery Science Theater 3000: The Movie (1996),671,Comedy|Sci-Fi,3.6798245614035086
Cocoon (1985),2407,Comedy|Sci-Fi,3.5377733598409544
"Visitors, The (Les Visiteurs) (1993)",718,Comedy|Sci-Fi,3.484848484848485
Back to the Future Part II (1989),2011,Comedy|Sci-Fi,3.3436960276338517
Spaceballs (1987),3033,Comedy|Sci-Fi,3.2836484983314795
What Planet Are You From? (2000),3326,Comedy|Sci-Fi,2.8555555555555556
Rear Window (1954),904,Mystery|Thriller,4.476190476190476
"Third Man, The (1949)",1212,Mystery|Thriller,4.452083333333333
Vertigo (1958),903,Mystery|Thriller,4.27292817679558
Gaslight (1944),906,Mystery|Thriller,4.096256684491979
Dial M for Murder (1954),1086,Mystery|Thriller,4.079155672823219
Suspicion (1941),2206,Mystery|Thriller,4.0119760479041915
"Game, The (1997)",1625,Mystery|Thriller,3.9138321995464853
"Trouble with Harry, The (1955)",2184,Mystery|Thriller,3.598639455782313
Stage Fright (1950),2187,Mystery|Thriller,3.576923076923077
Basic Instinct (1992),1092,Mystery|Thriller,3.5419440745672435
"Kid in King Arthur's Court, A (1995)",258,Adventure|Children's|Comedy|Fantasy|Romance,2.423611111111111
Star Wars: Episode IV - A New Hope (1977),260,Action|Adventure|Fantasy|Sci-Fi,4.453694416583082
Star Wars: Episode I - The Phantom Menace (1999),2628,Action|Adventure|Fantasy|Sci-Fi,3.409777777777778
Tron (1982),2105,Action|Adventure|Fantasy|Sci-Fi,3.3556701030927836
Legends of the Fall (1994),266,Drama|Romance|War|Western,3.425531914893617
Hard-Boiled (Lashou shentan) (1992),3265,Action|Crime,4.137614678899083
Shaft (1971),3729,Action|Crime,3.4144144144144146
King of New York (1990),1785,Action|Crime,3.388888888888889
Shaft (2000),3744,Action|Crime,3.2422802850356294
Set It Off (1996),998,Action|Crime,3.010752688172043
Gone in 60 Seconds (2000),3717,Action|Crime,2.9743150684931505
Wisdom (1986),2260,Action|Crime,2.795918367346939
Shaft's Big Score! (1972),3782,Action|Crime,2.727272727272727
Dick Tracy (1990),2616,Action|Crime,2.6826923076923075
Shaft in Africa (1973),3781,Action|Crime,2.586206896551724
"Professional, The (a.k.a. Leon: The Professional) (1994)",293,Crime|Drama|Romance|Thriller,4.106175514626218
Bound (1996),866,Crime|Drama|Romance|Thriller,3.8234265734265733
"Quick and the Dead, The (1995)",303,Action|Adventure|Western,2.9760765550239237
Psycho (1960),1219,Horror|Thriller,4.218527315914489
Rosemary's Baby (1968),2160,Horror|Thriller,3.818820224719101
"Dead Zone, The (1983)",2118,Horror|Thriller,3.7024793388429753
Poltergeist (1982),1994,Horror|Thriller,3.6842767295597483
Scream (1996),1407,Horror|Thriller,3.5756207674943568
"Haunting, The (1963)",2550,Horror|Thriller,3.5027322404371586
Carnival of Souls (1962),3627,Horror|Thriller,3.4766355140186915
Relative Fear (1994),311,Horror|Thriller,3.0
Firestarter (1984),3708,Horror|Thriller,2.9812734082397006
Scream 2 (1997),1717,Horror|Thriller,2.975824175824176
"Absent Minded Professor, The (1961)",2015,Children's|Comedy|Fantasy,3.4526315789473685
"Santa Clause, The (1994)",317,Children's|Comedy|Fantasy,3.1918876755070205
Flubber (1997),1702,Children's|Comedy|Fantasy,2.552980132450331
Kazaam (1996),810,Children's|Comedy|Fantasy,1.4666666666666666
"Manchurian Candidate, The (1962)",1267,Film-Noir|Thriller,4.333333333333333
Strangers on a Train (1951),2186,Film-Noir|Thriller,4.304979253112033
Shadow of a Doubt (1943),2203,Film-Noir|Thriller,4.2703862660944205
"Murder, My Sweet (1944)",1069,Film-Noir|Thriller,3.9272727272727272
Cape Fear (1962),1344,Film-Noir|Thriller,3.9224376731301938
Suture (1993),320,Film-Noir|Thriller,3.40625
Tank Girl (1995),327,Action|Comedy|Musical|Sci-Fi,2.6145251396648046
"Adventures of Milo and Otis, The (1986)",2846,Children's,3.3674698795180724
"Gnome-Mobile, The (1967)",2047,Children's,3.1818181818181817
Zeus and Roxanne (1997),1426,Children's,2.5217391304347827
"Baby-Sitters Club, The (1995)",343,Children's,2.4285714285714284
Thomas and the Magic Railroad (2000),3820,Children's,1.8108108108108107
"Talented Mr. Ripley, The (1999)",3176,Drama|Mystery|Thriller,3.503380916604057
"Client, The (1994)",350,Drama|Mystery|Thriller,3.392233009708738
Forrest Gump (1994),356,Comedy|Romance|War,4.087967183226983
Drunken Master (Zui quan) (1979),2924,Action|Comedy,3.9097744360902253
"Boondock Saints, The (1999)",3275,Action|Comedy,3.619565217391304
Big Trouble in Little China (1986),3740,Action|Comedy,3.414383561643836
Running Scared (1986),2457,Action|Comedy,3.382239382239382
Mr. Nice Guy (1997),1858,Action|Comedy,3.2674418604651163
Twin Dragons (Shuang long hui) (1992),2582,Action|Comedy,3.106060606060606
"Big Hit, The (1998)",1866,Action|Comedy,3.0899470899470898
Loaded Weapon 1 (1993),3208,Action|Comedy,2.7613636363636362
Air America (1990),3841,Action|Comedy,2.7549019607843137
Money Talks (1997),1604,Action|Comedy,2.753846153846154
"Jungle Book, The (1994)",362,Adventure|Children's|Romance,3.3640167364016738
Fantasia (1940),1282,Animation|Children's|Musical,3.904559915164369
Beauty and the Beast (1991),595,Animation|Children's|Musical,3.8858490566037736
"Lion King, The (1994)",364,Animation|Children's|Musical,3.8608385370205176
Snow White and the Seven Dwarfs (1937),594,Animation|Children's|Musical,3.8453473132372213
Fantasia 2000 (1999),3159,Animation|Children's|Musical,3.8057395143487858
Cinderella (1950),1022,Animation|Children's|Musical,3.755632582322357
Sleeping Beauty (1959),2096,Animation|Children's|Musical,3.710371819960861
Alice in Wonderland (1951),1032,Animation|Children's|Musical,3.697142857142857
Dumbo (1941),1029,Animation|Children's|Musical,3.688380281690141
Anastasia (1997),1688,Animation|Children's|Musical,3.5032894736842106
"Mask, The (1994)",367,Comedy|Crime|Fantasy,3.279050042408821
Butch Cassidy and the Sundance Kid (1969),1304,Action|Comedy|Western,4.215644820295983
Maverick (1994),368,Action|Comedy|Western,3.5236907730673317
Young Guns (1988),1378,Action|Comedy|Western,3.4181494661921707
Young Guns II (1990),1379,Action|Comedy|Western,2.907859078590786
X-Men (2000),3793,Action|Sci-Fi,3.8206485771012573
Planet of the Apes (1968),2529,Action|Sci-Fi,3.712564543889845
Mad Max 2 (a.k.a. The Road Warrior) (1981),3703,Action|Sci-Fi,3.6740812379110253
Mad Max (1979),3702,Action|Sci-Fi,3.6641651031894935
"Fifth Element, The (1997)",1527,Action|Sci-Fi,3.6405228758169934
Space Cowboys (2000),3827,Action|Sci-Fi,3.3828451882845187
Star Trek: Insurrection (1998),2393,Action|Sci-Fi,3.34820322180917
Godzilla (Gojira) (1954),2363,Action|Sci-Fi,3.318936877076412
Pitch Black (2000),3300,Action|Sci-Fi,3.300738007380074
Mad Max Beyond Thunderdome (1985),3704,Action|Sci-Fi,3.1662049861495847
"Princess Bride, The (1987)",1197,Action|Adventure|Comedy|Romance,4.3037100949094045
Romancing the Stone (1984),2406,Action|Adventure|Comedy|Romance,3.6892193308550185
True Lies (1994),380,Action|Adventure|Comedy|Romance,3.6342857142857143
"Jewel of the Nile, The (1985)",2405,Action|Adventure|Comedy|Romance,3.163447251114413
Dog Day Afternoon (1975),3362,Comedy|Crime|Drama,3.969934640522876
Mystery Train (1989),3521,Comedy|Crime|Drama,3.877659574468085
Hana-bi (1997),1809,Comedy|Crime|Drama,3.8055555555555554
Zero Effect (1998),1845,Comedy|Thriller,3.750830564784053
Mona Lisa (1986),2349,Comedy|Thriller,3.6107784431137726
Nurse Betty (2000),3893,Comedy|Thriller,3.5026833631484795
Homegrown (1998),1824,Comedy|Thriller,3.3653846153846154
Junk Mail (1997),1861,Comedy|Thriller,3.3333333333333335
Family Plot (1976),2177,Comedy|Thriller,3.216867469879518
Head Above Water (1996),1565,Comedy|Thriller,3.0
Tainted (1998),1764,Comedy|Thriller,3.0
Teaching Mrs. Tingle (1999),2806,Comedy|Thriller,2.6331658291457285
Another Stakeout (1993),415,Comedy|Thriller,2.4804469273743015
Village of the Damned (1960),2553,Horror|Sci-Fi|Thriller,3.356164383561644
Children of the Damned (1963),2554,Horror|Sci-Fi|Thriller,3.176470588235294
Body Snatchers (1993),426,Horror|Sci-Fi|Thriller,3.0817843866171004
Puppet Master (1989),3660,Horror|Sci-Fi|Thriller,2.859872611464968
Hollow Man (2000),3826,Horror|Sci-Fi|Thriller,2.5382716049382714
Puppet Master II (1990),3661,Horror|Sci-Fi|Thriller,2.207317073170732
Puppet Master III: Toulon's Revenge (1991),3662,Horror|Sci-Fi|Thriller,2.097826086956522
Puppet Master 4 (1993),3663,Horror|Sci-Fi|Thriller,1.8620689655172413
Curse of the Puppet Master (1998),3665,Horror|Sci-Fi|Thriller,1.7307692307692308
Puppet Master 5: The Final Chapter (1994),3664,Horror|Sci-Fi|Thriller,1.6851851851851851
Spellbound (1945),931,Mystery|Romance|Thriller,3.912621359223301
Dead Again (1991),3044,Mystery|Romance|Thriller,3.855917667238422
Boxing Helena (1993),427,Mystery|Romance|Thriller,2.3674698795180724
Blazing Saddles (1974),3671,Comedy|Western,4.047363717605005
"Castaway Cowboy, The (1974)",3601,Comedy|Western,4.0
Cat Ballou (1965),3873,Comedy|Western,3.6678571428571427
Three Amigos! (1986),2478,Comedy|Western,3.117750439367311
Hot Lead and Cold Feet (1978),2055,Comedy|Western,2.8333333333333335
Lightning Jack (1994),487,Comedy|Western,2.6129032258064515
City Slickers II: The Legend of Curly's Gold (1994),432,Comedy|Western,2.579081632653061
Hud (1963),3467,Drama|Western,4.021505376344086
Lonely Are the Brave (1962),3737,Drama|Western,4.0
Shane (1953),3871,Drama|Western,3.839344262295082
McCabe & Mrs. Miller (1971),3093,Drama|Western,3.6971153846153846
Geronimo: An American Legend (1993),458,Drama|Western,3.2758620689655173
"Hi-Lo Country, The (1998)",2441,Drama|Western,3.0384615384615383
Hard Target (1993),464,Action|Adventure|Crime|Thriller,2.7824074074074074
Kelly's Heroes (1970),3836,Action|Comedy|War,3.9093333333333335
Hot Shots! Part Deux (1993),466,Action|Comedy|War,2.7958115183246073
Manhattan Murder Mystery (1993),492,Comedy|Mystery,3.719402985074627
Lady of Burlesque (1943),958,Comedy|Mystery,3.3846153846153846
Clue (1985),2413,Comedy|Mystery,3.2483069977426635
"Man Who Knew Too Little, The (1997)",1689,Comedy|Mystery,3.1547619047619047
Outrageous Fortune (1987),2752,Comedy|Mystery,2.962162162162162
Radioland Murders (1994),513,Comedy|Mystery|Romance,3.1194029850746268
Mister Roberts (1955),3035,Comedy|Drama|War,4.149643705463183
To Be or Not to Be (1942),946,Comedy|Drama|War,3.8509316770186337
"Good Morning, Vietnam (1987)",3448,Comedy|Drama|War,3.733826247689464
Renaissance Man (1994),516,Comedy|Drama|War,2.870967741935484
Rising Sun (1993),517,Action|Drama|Mystery,3.175392670157068
Serial Mom (1994),532,Comedy|Crime|Horror,3.0488431876606685
Blade Runner (1982),541,Film-Noir|Sci-Fi,4.273333333333333
To Catch a Thief (1955),933,Comedy|Romance|Thriller,4.10158013544018
Ghost (1990),587,Comedy|Romance|Thriller,3.49644128113879
So I Married an Axe Murderer (1993),543,Comedy|Romance|Thriller,3.3841642228739004
Super Mario Bros. (1993),546,Action|Adventure|Children's|Sci-Fi,1.8742857142857143
Mary Poppins (1964),1028,Children's|Comedy|Musical,3.894164193867458
"Nightmare Before Christmas, The (1993)",551,Children's|Comedy|Musical,3.717871485943775
Operation Condor (Feiying gaiwak) (1990),2879,Action|Adventure|Comedy,3.4634146341463414
Operation Condor 2 (Longxiong hudi) (1990),2880,Action|Adventure|Comedy,3.4583333333333335
"Three Musketeers, The (1993)",552,Action|Adventure|Comedy,3.2400756143667295
Mystery Men (1999),2723,Action|Adventure|Comedy,3.0105509964830013
"Golden Child, The (1986)",2735,Action|Adventure|Comedy,2.89760348583878
Run Lola Run (Lola rennt) (1998),2692,Action|Crime|Romance,4.224813432835821
True Romance (1993),555,Action|Crime|Romance,3.9285714285714284
Out of Sight (1998),1912,Action|Crime|Romance,3.797356828193833
"Truth or Consequences, N.M. (1997)",1523,Action|Crime|Romance,2.6315789473684212
"Pagemaster, The (1994)",558,Action|Adventure|Animation|Children's|Fantasy,2.7037037037037037
"Jungle Book, The (1967)",2078,Animation|Children's|Comedy|Musical,3.816265060240964
Aladdin (1992),588,Animation|Children's|Comedy|Musical,3.788304959289415
Steamboat Willie (1940),2102,Animation|Children's|Comedy|Musical,3.3857868020304567
Dances with Wolves (1990),590,Adventure|Drama|Western,3.9152308752584424
Batman (1989),592,Action|Adventure|Crime|Drama,3.6009783368273935
Heavy Metal (1981),610,Action|Adventure|Animation|Horror|Sci-Fi,3.546925566343042
"Hidden, The (1987)",3576,Action|Horror|Sci-Fi,3.683098591549296
Night of the Comet (1984),2613,Action|Horror|Sci-Fi,3.096085409252669
Alien: Resurrection (1997),1690,Action|Horror|Sci-Fi,2.958921694480103
Deep Rising (1998),1762,Action|Horror|Sci-Fi,2.73568281938326
Hellraiser: Bloodline (1996),611,Action|Horror|Sci-Fi,2.4722222222222223
Alligator (1980),2525,Action|Horror|Sci-Fi,2.235294117647059
Chopping Mall (a.k.a. Killbots) (1986),2614,Action|Horror|Sci-Fi,1.9318181818181819
All Quiet on the Western Front (1930),1927,War,4.1940298507462686
Land and Freedom (Tierra y libertad) (1995),632,War,4.0
"Run Silent, Run Deep (1958)",2670,War,4.0
Prisoner of the Mountains (Kavkazsky Plennik) (1996),1450,War,3.7857142857142856
Cross of Iron (1977),3339,War,3.744186046511628
Pork Chop Hill (1959),2669,War,3.7383177570093458
Tora! Tora! Tora! (1970),3066,War,3.7010309278350517
"Story of G.I. Joe, The (1945)",3670,War,3.6666666666666665
Underground (1995),665,War,3.657142857142857
Stalingrad (1993),760,War,3.515151515151515
Mission: Impossible (1996),648,Action|Adventure|Mystery,3.432874918140144
Young Sherlock Holmes (1985),2414,Action|Adventure|Mystery,3.390501319261214
"Thin Man, The (1934)",950,Mystery,4.239726027397261
"Name of the Rose, The (1986)",2467,Mystery,3.9012345679012346
"Daytrippers, The (1996)",1484,Mystery,3.7016129032258065
Cookie's Fortune (1999),2583,Mystery,3.608510638297872
Lost Highway (1997),1464,Mystery,3.3517241379310345
"301, 302 (1995)",652,Mystery,2.888888888888889
Mike's Murder (1984),2945,Mystery,2.6785714285714284
Diamonds (1999),3149,Mystery,2.4444444444444446
Moonlight Murder (1936),977,Mystery,2.0
"7th Voyage of Sinbad, The (1958)",3153,Action|Adventure|Fantasy,3.616279069767442
Willow (1988),2193,Action|Adventure|Fantasy,3.4962593516209477
Dragonheart (1996),653,Action|Adventure|Fantasy,3.2254901960784315
Highlander: Endgame (2000),3889,Action|Adventure|Fantasy,2.414814814814815
Supergirl (1984),3877,Action|Adventure|Fantasy,2.021978021978022
Space Jam (1996),673,Adventure|Animation|Children's|Comedy|Fantasy,2.619893428063943
Brazil (1985),1199,Sci-Fi,4.097480832420591
Metropolis (1926),2010,Sci-Fi,4.082474226804123
"Clockwork Orange, A (1971)",1206,Sci-Fi,4.0781122864117165
Forbidden Planet (1956),1301,Sci-Fi,3.9758713136729225
"Thing From Another World, The (1951)",2660,Sci-Fi,3.8962962962962964
Quatermass and the Pit (1967),3658,Sci-Fi,3.652173913043478
"Omega Man, The (1971)",3032,Sci-Fi,3.5401785714285716
"Sticky Fingers of Time, The (1997)",2578,Sci-Fi,3.5
Earth Vs. the Flying Saucers (1956),2665,Sci-Fi,3.4225352112676055
It Came from Outer Space (1953),2661,Sci-Fi,3.3617021276595747
Looking for Richard (1996),1050,Documentary|Drama,3.8219178082191783
JLG/JLG - autoportrait de décembre (1994),1149,Documentary|Drama,3.5
Tigrero: A Film That Was Never Made (1994),682,Documentary|Drama,3.5
Endurance (1998),2627,Documentary|Drama,3.4285714285714284
Operation Dumbo Drop (1995),688,Action|Adventure|Comedy|War,2.276995305164319
M (1931),1260,Crime|Film-Noir|Thriller,4.3019480519480515
Touch of Evil (1958),1248,Crime|Film-Noir|Thriller,4.215953307392996
He Walked by Night (1948),1152,Crime|Film-Noir|Thriller,3.4827586206896552
Mulholland Falls (1996),707,Crime|Film-Noir|Thriller,3.0872727272727274
Wallace & Gromit: The Best of Aardman Animation (1996),720,Animation,4.426940639269406
I Married A Strange Person (1997),2189,Animation,3.7142857142857144
Twister (1996),736,Action|Adventure|Romance|Thriller,3.1738738738738737
Bird on a Wire (1990),3705,Action|Adventure|Romance|Thriller,2.5842105263157893
Ghost in the Shell (Kokaku kidotai) (1995),741,Animation|Sci-Fi,4.089171974522293
"Fantastic Planet, The (La Planète sauvage) (1973)",2495,Animation|Sci-Fi,3.6020408163265305
Time Masters (Les Maîtres du Temps) (1982),3592,Animation|Sci-Fi,2.5
"Close Shave, A (1995)",745,Animation|Comedy|Thriller,4.52054794520548
Faust (1994),1151,Animation|Comedy|Thriller,3.4838709677419355
Sunset Blvd. (a.k.a. Sunset Boulevard) (1950),922,Film-Noir,4.491489361702127
Out of the Past (1947),2066,Film-Noir,4.150943396226415
Gilda (1946),2940,Film-Noir,4.009345794392523
Force of Evil (1948),746,Film-Noir,4.0
"Big Combo, The (1955)",3292,Film-Noir,3.8333333333333335
T-Men (1947),1154,Film-Noir,3.7333333333333334
"Hitch-Hiker, The (1953)",3121,Film-Noir,3.5555555555555554
Killer's Kiss (1955),2727,Film-Noir,3.46875
Raw Deal (1948),1153,Film-Noir,3.4285714285714284
Railroaded! (1947),3380,Film-Noir,3.0
Dr. Strangelove or: How I Learned to Stop Worrying and Love the Bomb (1963),750,Sci-Fi|War,4.4498902706656915
Ulysses (Ulisse) (1954),3172,Adventure,5.0
"Treasure of the Sierra Madre, The (1948)",1254,Adventure,4.289183222958058
"Man Who Would Be King, The (1975)",1303,Adventure,4.129032258064516
Mutiny on the Bounty (1935),1931,Adventure,4.0311111111111115
"Mark of Zorro, The (1940)",941,Adventure,3.704761904761905
"Son of the Sheik, The (1926)",3492,Adventure,3.5714285714285716
"Bear, The (1988)",3412,Adventure,3.3714285714285714
Quest for Fire (1981),3036,Adventure,3.2298850574712645
"Snows of Kilimanjaro, The (1952)",3207,Adventure,3.2
Macao (1952),1070,Adventure,3.0
"Sting, The (1973)",1234,Comedy|Crime,4.320305052430887
Some Like It Hot (1959),910,Comedy|Crime,4.300480769230769
Grosse Pointe Blank (1997),1500,Comedy|Crime,3.813380281690141
"Whole Nine Yards, The (2000)",3301,Comedy|Crime,3.3787375415282392
Sister Act (1992),3247,Comedy|Crime,3.1681681681681684
Something for Everyone (1970),3419,Comedy|Crime,3.1538461538461537
Chain of Fools (2000),3323,Comedy|Crime,3.0
Twin Town (1997),1539,Comedy|Crime,2.8181818181818183
Very Bad Things (1998),2387,Comedy|Crime,2.774193548387097
Armed and Dangerous (1986),2458,Comedy|Crime,2.476923076923077
"War of the Worlds, The (1953)",2662,Action|Sci-Fi|War,3.8584070796460175
Independence Day (ID4) (1996),780,Action|Sci-Fi|War,3.5104046242774567
"Nutty Professor, The (1996)",788,Comedy|Fantasy|Romance|Sci-Fi,2.9957805907172994
"Hungarian Fairy Tale, A (1987)",792,Fantasy,4.0
Fallen (1998),1754,Action|Mystery|Thriller,3.38659793814433
52 Pick-Up (1986),2475,Action|Mystery|Thriller,3.3
Power 98 (1995),815,Action|Mystery|Thriller,2.0
"Producers, The (1968)",2300,Comedy|Musical,4.144376899696049
"Hard Day's Night, A (1964)",2863,Comedy|Musical,3.88996138996139
Holiday Inn (1942),3061,Comedy|Musical,3.88
Help! (1965),2946,Comedy|Musical,3.7731958762886597
Funny Face (1957),901,Comedy|Musical,3.6436781609195403
"Band Wagon, The (1953)",935,Comedy|Musical,3.6338028169014085
Anchors Aweigh (1945),3599,Comedy|Musical,3.6310679611650487
Victor/Victoria (1982),1081,Comedy|Musical,3.6175115207373274
"Great Race, The (1965)",1083,Comedy|Musical,3.5304878048780486
"Happiest Millionaire, The (1967)",2049,Comedy|Musical,3.324324324324324
"Abyss, The (1989)",1127,Action|Adventure|Sci-Fi|Thriller,3.6839650145772596
Total Recall (1990),2916,Action|Adventure|Sci-Fi|Thriller,3.682364729458918
Escape from New York (1981),1129,Action|Adventure|Sci-Fi|Thriller,3.4649321266968327
Armageddon (1998),1917,Action|Adventure|Sci-Fi|Thriller,3.191891891891892
"Lost World: Jurassic Park, The (1997)",1544,Action|Adventure|Sci-Fi|Thriller,3.036653386454183
Spawn (1997),1591,Action|Adventure|Sci-Fi|Thriller,2.6210526315789475
Escape from L.A. (1996),849,Action|Adventure|Sci-Fi|Thriller,2.5107632093933465
FairyTale: A True Story (1997),1654,Children's|Drama|Fantasy,3.310344827586207
Bogus (1996),885,Children's|Drama|Fantasy,2.5813953488372094
Lawrence of Arabia (1962),1204,Adventure|War,4.401925391095066
"Great Escape, The (1963)",1262,Adventure|War,4.376436781609195
"Great Locomotive Chase, The (1956)",3585,Adventure|War,3.8421052631578947
For Whom the Bell Tolls (1943),897,Adventure|War,3.7551020408163267
Singin' in the Rain (1952),899,Musical|Romance,4.2836218375499335
My Fair Lady (1964),914,Musical|Romance,4.154088050314465
West Side Story (1961),1947,Musical|Romance,4.057818659658344
"American in Paris, An (1951)",900,Musical|Romance,3.8513119533527695
Dirty Dancing (1987),1088,Musical|Romance,3.3114992721979624
Shall We Dance? (1937),1066,Comedy|Musical|Romance,4.1657142857142855
Top Hat (1935),945,Comedy|Musical|Romance,4.147410358565737
"Gay Divorcee, The (1934)",907,Comedy|Musical|Romance,3.9238095238095236
"Damsel in Distress, A (1937)",1067,Comedy|Musical|Romance,3.782608695652174
Grease (1978),1380,Comedy|Musical|Romance,3.5777233782129745
Everyone Says I Love You (1996),1057,Comedy|Musical|Romance,3.5583941605839415
Pal Joey (1957),3199,Comedy|Musical|Romance,3.3472222222222223
Grease 2 (1982),1381,Comedy|Musical|Romance,1.9636963696369636
"Lady Vanishes, The (1938)",2208,Comedy|Mystery|Romance|Thriller,4.185929648241206
Charade (1963),911,Comedy|Mystery|Romance|Thriller,4.183006535947713
"Maltese Falcon, The (1941)",913,Film-Noir|Mystery,4.395973154362416
"Big Sleep, The (1946)",1284,Film-Noir|Mystery,4.312384473197782
"King and I, The (1956)",2565,Musical,3.954301075268817
On the Town (1949),3606,Musical,3.940828402366864
"Sound of Music, The (1965)",1035,Musical,3.931972789115646
White Christmas (1954),3675,Musical,3.8265682656826567
All That Jazz (1979),2971,Musical,3.823343848580442
Meet Me in St. Louis (1944),918,Musical,3.7936507936507935
Guys and Dolls (1955),3549,Musical,3.792307692307692
Gypsy (1962),3604,Musical,3.69672131147541
Oliver! (1968),1951,Musical,3.6948356807511735
Gigi (1958),938,Musical,3.620320855614973
"Wizard of Oz, The (1939)",919,Adventure|Children's|Drama|Musical,4.247962747380675
2001: A Space Odyssey (1968),924,Drama|Mystery|Sci-Fi|Thriller,4.068764568764569
Rebecca (1940),928,Romance|Thriller,4.204663212435233
B. Monkey (1998),1770,Romance|Thriller,3.473684210526316
"Wisdom of Crocodiles, The (a.k.a. Immortality) (2000)",3796,Romance|Thriller,3.3846153846153846
"Life Less Ordinary, A (1997)",1658,Romance|Thriller,3.1724137931034484
Passion of Mind (1999),3540,Romance|Thriller,2.75
Notorious (1946),930,Film-Noir|Romance|Thriller,4.29438202247191
Laura (1944),942,Crime|Film-Noir|Mystery,4.2020547945205475
Around the World in 80 Days (1956),952,Adventure|Comedy,3.6022304832713754
Crocodile Dundee (1986),2470,Adventure|Comedy,3.4265350877192984
Adventures in Babysitting (1987),2133,Adventure|Comedy,3.2754158964879854
Crocodile Dundee II (1988),2471,Adventure|Comedy,2.6280193236714977
Almost Heroes (1998),1887,Adventure|Comedy,2.4833333333333334
Vibes (1988),2733,Adventure|Comedy,2.44
Nothing But Trouble (1991),2265,Adventure|Comedy,2.0
"African Queen, The (1951)",969,Action|Adventure|Romance|War,4.251655629139073
Lucie Aubrac (1997),2833,Romance|War,3.6666666666666665
"Farewell to Arms, A (1932)",976,Romance|War,3.5714285714285716
For the Moment (1994),1071,Romance|War,3.4
In Love and War (1996),1398,Romance|War,3.1904761904761907
Last Man Standing (1996),996,Action|Drama|Western,2.90625
"Apple Dumpling Gang, The (1975)",1007,Children's|Comedy|Western,2.978448275862069
"Apple Dumpling Gang Rides Again, The (1979)",2016,Children's|Comedy|Western,2.6605504587155964
Candleshoe (1977),2037,Adventure|Children's|Comedy,3.537037037037037
Paulie (1998),1806,Adventure|Children's|Comedy,2.892857142857143
Herbie Rides Again (1974),1011,Adventure|Children's|Comedy,2.725925925925926
Herbie Goes to Monte Carlo (1977),2051,Adventure|Children's|Comedy,2.5544554455445545
Herbie Goes Bananas (1980),2050,Adventure|Children's|Comedy,2.5384615384615383
Jingle All the Way (1996),1359,Adventure|Children's|Comedy,2.4774774774774775
That Darn Cat! (1965),1018,Children's|Comedy|Mystery,3.252032520325203
That Darn Cat! (1997),1460,Children's|Comedy|Mystery,2.6808510638297873
"20,000 Leagues Under the Sea (1954)",1019,Adventure|Children's|Fantasy|Sci-Fi,3.7026086956521738
Return to Oz (1985),2093,Adventure|Children's|Fantasy|Sci-Fi,2.851449275362319
Star Kid (1997),1750,Adventure|Children's|Fantasy|Sci-Fi,2.1904761904761907
Song of the South (1946),2099,Adventure|Animation|Children's|Musical,3.6018099547511313
Pete's Dragon (1977),1030,Adventure|Animation|Children's|Musical,3.0773993808049536
Bedknobs and Broomsticks (1971),1031,Adventure|Children's|Musical,3.479623824451411
Double Indemnity (1944),3435,Crime|Film-Noir,4.415607985480944
"Killing, The (1956)",2726,Crime|Film-Noir,4.1692307692307695
"Asphalt Jungle, The (1950)",3364,Crime|Film-Noir,3.9271523178807946
Crossfire (1947),1068,Crime|Film-Noir,3.6857142857142855
Willy Wonka and the Chocolate Factory (1971),1073,Adventure|Children's|Comedy|Fantasy,3.8613861386138613
"Borrowers, The (1997)",1848,Adventure|Children's|Comedy|Fantasy,3.0451977401129944
E.T. the Extra-Terrestrial (1982),1097,Children's|Drama|Fantasy|Sci-Fi,3.9651828999559275
Top Gun (1986),1101,Action|Romance,3.6861386138613863
Romeo Must Die (2000),3452,Action|Romance,3.1419939577039275
Days of Thunder (1990),1100,Action|Romance,2.807142857142857
True Grit (1969),3494,Adventure|Western,3.7375
Tashunga (1995),1118,Adventure|Western,2.0
Big (1988),2797,Comedy|Fantasy,3.8558014755197854
Beetlejuice (1988),2174,Comedy|Fantasy,3.5678929765886287
Heart and Souls (1993),3466,Comedy|Fantasy,3.547945205479452
"Midsummer Night's Dream, A (1999)",2622,Comedy|Fantasy,3.3493975903614457
Drop Dead Fred (1991),1126,Comedy|Fantasy,2.3722397476340693
Date with an Angel (1987),3393,Comedy|Fantasy,2.1372549019607843
"Wrong Trousers, The (1993)",1148,Animation|Comedy,4.507936507936508
"Grand Day Out, A (1992)",1223,Animation|Comedy,4.361522198731501
Creature Comforts (1990),3429,Animation|Comedy,4.335766423357664
"South Park: Bigger, Longer and Uncut (1999)",2700,Animation|Comedy,3.760441292356186
Beavis and Butt-head Do America (1996),1405,Animation|Comedy,3.04
"Grifters, The (1990)",1179,Crime|Drama|Film-Noir,3.7887005649717516
Hoodlum (1997),1601,Crime|Drama|Film-Noir,2.72
"This World, Then the Fireworks (1996)",2008,Crime|Drama|Film-Noir,2.533333333333333
Star Wars: Episode V - The Empire Strikes Back (1980),1196,Action|Adventure|Drama|Sci-Fi|War,4.292976588628763
Aliens (1986),1200,Action|Sci-Fi|Thriller|War,4.125824175824176
"Good, The Bad and The Ugly, The (1966)",1201,Action|Western,4.133819951338199
"Fistful of Dollars, A (1964)",2951,Action|Western,3.9942528735632186
"Transformers: The Movie, The (1986)",1205,Action|Animation|Children's|Sci-Fi|Thriller|War,3.380952380952381
Star Wars: Episode VI - Return of the Jedi (1983),1210,Action|Adventure|Romance|Sci-Fi|War,4.022892819979188
Alien (1979),1214,Action|Horror|Sci-Fi|Thriller,4.159584980237154
"Thing, The (1982)",2288,Action|Horror|Sci-Fi|Thriller,3.785425101214575
Alien³ (1992),1320,Action|Horror|Sci-Fi|Thriller,3.037837837837838
Army of Darkness (1993),1215,Action|Adventure|Comedy|Horror|Sci-Fi,3.804232804232804
"Blues Brothers, The (1980)",1220,Action|Comedy|Musical,3.9395973154362416
Blues Brothers 2000 (1998),1772,Action|Comedy|Musical,2.4304347826086956
Stalker (1979),1232,Mystery|Sci-Fi,3.6346153846153846
2010 (1984),2311,Mystery|Sci-Fi,3.4170212765957446
Chinatown (1974),1252,Film-Noir|Mystery|Thriller,4.339240506329114
Angel Heart (1987),3706,Film-Noir|Mystery|Thriller,3.404017857142857
Palmetto (1998),1783,Film-Noir|Mystery|Thriller,2.9272727272727272
Stand by Me (1986),1259,Adventure|Comedy|Drama,4.0969187675070025
Evil Dead II (Dead By Dawn) (1987),1261,Action|Adventure|Comedy|Horror,3.826642335766423
Diva (1981),1264,Action|Drama|Mystery|Romance|Thriller,4.054474708171206
Arsenic and Old Lace (1944),1269,Comedy|Mystery|Thriller,4.168154761904762
Akira (1988),1274,Adventure|Animation|Sci-Fi|Thriller,3.933628318584071
Cyrano de Bergerac (1990),1277,Action|Drama|Romance,3.884297520661157
"Man in the Iron Mask, The (1998)",1801,Action|Drama|Romance,3.0434782608695654
Ben-Hur (1959),1287,Action|Adventure|Drama,4.110795454545454
"Emerald Forest, The (1985)",2370,Action|Adventure|Drama,3.5140845070422535
Knightriders (1981),3805,Action|Adventure|Drama,2.7941176470588234
"Karate Kid, Part II, The (1986)",2421,Action|Adventure|Drama,2.6771488469601676
"Karate Kid III, The (1989)",2422,Action|Adventure|Drama,2.1223776223776225
This Is Spinal Tap (1984),1288,Comedy|Drama|Musical,4.179785330948121
Koyaanisqatsi (1983),1289,Documentary|War,3.9725274725274726
Pink Floyd - The Wall (1982),1298,Drama|Musical|War,3.640826873385013
Jaws (1975),1387,Action|Horror,4.089569829110195
Jaws 2 (1978),1388,Action|Horror,2.5891891891891894
"Crow: Salvation, The (2000)",3563,Action|Horror,1.9230769230769231
Jaws 3-D (1983),1389,Action|Horror,1.8523809523809525
Blood Beach (1981),1335,Action|Horror,1.7142857142857142
"Mummy, The (1932)",2633,Horror|Romance,3.537037037037037
Sleepy Hollow (1999),3081,Horror|Romance,3.516885553470919
Bram Stoker's Dracula (1992),1339,Horror|Romance,3.34375
Mars Attacks! (1996),1391,Action|Comedy|Sci-Fi|War,2.9003724394785846
Sneakers (1992),1396,Crime|Drama|Sci-Fi,3.7277726856095326
Alien Nation (1988),3701,Crime|Drama|Sci-Fi,3.2242063492063493
"Last of the Mohicans, The (1992)",1408,Action|Romance|War,3.8133333333333335
Lethal Weapon (1987),2000,Action|Comedy|Crime|Drama,3.8869084204056548
Man Bites Dog (C'est arrivé près de chez vous) (1992),3266,Action|Comedy|Crime|Drama,3.655844155844156
Lethal Weapon 2 (1989),2001,Action|Comedy|Crime|Drama,3.5450049455984174
Lethal Weapon 3 (1992),2002,Action|Comedy|Crime|Drama,3.254364089775561
Lethal Weapon 4 (1998),1918,Action|Comedy|Crime|Drama,3.14050822122571
Montana (1998),3184,Action|Comedy|Crime|Drama,3.0
Best Men (1997),1473,Action|Comedy|Crime|Drama,2.825
"Devil's Own, The (1997)",1488,Action|Drama|Thriller|War,2.857638888888889
Turbo: A Power Rangers Movie (1997),1495,Action|Adventure|Children's,1.3181818181818181
Warriors of Virtue (1997),1525,Action|Adventure|Children's|Fantasy,2.090909090909091
Hercules (1997),1566,Adventure|Animation|Children's|Comedy|Musical,3.279317697228145
Cop Land (1997),1589,Crime|Drama|Mystery,3.3597560975609757
"Bat Whispers, The (1930)",3151,Crime|Drama|Mystery,2.0
Men in Black (1997),1580,Action|Adventure|Comedy|Sci-Fi,3.739952718676123
"Simple Wish, A (1997)",1583,Children's|Fantasy,2.7777777777777777
Event Horizon (1997),1590,Action|Mystery|Sci-Fi|Thriller,2.5180722891566263
Conspiracy Theory (1997),1597,Action|Mystery|Romance|Thriller,3.405672009864365
Deliverance (1972),2871,Adventure|Thriller,3.9410150891632374
"Edge, The (1997)",1615,Adventure|Thriller,3.6211453744493394
"Peacemaker, The (1997)",1616,Action|Thriller|War,3.0936708860759494
U Turn (1997),1627,Action|Crime|Mystery,3.076
Jacob's Ladder (1990),3476,Horror|Mystery|Thriller,3.578710644677661
Scream 3 (2000),3273,Horror|Mystery|Thriller,2.733102253032929
I Know What You Did Last Summer (1997),1644,Horror|Mystery|Thriller,2.6315789473684212
I Still Know What You Did Last Summer (1998),2338,Horror|Mystery|Thriller,2.2033898305084745
"Devil's Advocate, The (1997)",1645,Crime|Horror|Mystery|Thriller,3.4358353510895885
"House of Yes, The (1997)",1648,Comedy|Drama|Thriller,3.4742268041237114
Gattaca (1997),1653,Drama|Sci-Fi|Thriller,3.711234911792015
"Thirteenth Floor, The (1999)",2672,Drama|Sci-Fi|Thriller,3.1892583120204603
Communion (1989),3758,Drama|Sci-Fi|Thriller,2.7583333333333333
Witness (1985),1674,Drama|Romance|Thriller,3.9961759082217974
"Wings of the Dove, The (1997)",1683,Drama|Romance|Thriller,3.761467889908257
Starship Troopers (1997),1676,Action|Adventure|Sci-Fi|War,3.1332760103181427
Midnight in the Garden of Good and Evil (1997),1711,Comedy|Crime|Drama|Mystery,3.2531847133757963
"Big Lebowski, The (1998)",1732,Comedy|Crime|Mystery|Thriller,3.7383773928896993
Dark City (1998),1748,Film-Noir|Sci-Fi|Thriller,3.822654462242563
Sphere (1998),1779,Adventure|Sci-Fi|Thriller,2.6635859519408505
Saturn 3 (1979),2851,Adventure|Sci-Fi|Thriller,2.443609022556391
Wild Things (1998),1805,Crime|Drama|Mystery|Thriller,3.4456869009584663
Roger & Me (1989),2064,Comedy|Documentary,4.0739348370927315
"Big One, The (1997)",1827,Comedy|Documentary,4.0
"Original Kings of Comedy, The (2000)",3865,Comedy|Documentary,3.2312925170068025
It Came from Hollywood (1982),2659,Comedy|Documentary,3.1739130434782608
U2: Rattle and Hum (1988),3142,Documentary|Musical,3.3846153846153846
Kurt & Courtney (1998),1856,Documentary|Musical,3.0555555555555554
Deep Impact (1998),1876,Action|Drama|Sci-Fi|Thriller,3.166480446927374
Quest for Camelot (1998),1881,Adventure|Animation|Children's|Fantasy,2.7794117647058822
Six Days Seven Nights (1998),1894,Adventure|Comedy|Romance,2.910828025477707
"X-Files: Fight the Future, The (1998)",1909,Mystery|Sci-Fi|Thriller,3.4929718875502007
I Went Down (1997),1910,Action|Comedy|Crime,3.7560975609756095
Small Soldiers (1998),1920,Animation|Children's|Fantasy|War,2.8104395604395602
"French Connection, The (1971)",1953,Action|Crime|Drama|Thriller,4.098722415795587
"Corruptor, The (1999)",2540,Action|Crime|Drama|Thriller,3.032051282051282
Back to the Future Part III (1990),2012,Comedy|Sci-Fi|Western,3.2421602787456445
Babes in Toyland (1961),2017,Children's|Fantasy|Musical,2.9876543209876543
Dune (1984),2021,Fantasy|Sci-Fi,3.356147021546261
"Cat from Outer Space, The (1978)",2038,Children's|Comedy|Sci-Fi,2.904040404040404
"Honey, I Blew Up the Kid (1992)",2053,Children's|Comedy|Sci-Fi,2.257217847769029
Condorman (1981),2041,Action|Adventure|Children's|Comedy,2.668965517241379
Inspector Gadget (1999),2720,Action|Adventure|Children's|Comedy,2.1662198391420913
"Far Off Place, A (1993)",2045,Adventure|Children's|Drama|Romance,3.4545454545454546
Flight of the Navigator (1986),2046,Adventure|Children's|Sci-Fi,3.466417910447761
Howard the Duck (1986),2450,Adventure|Children's|Sci-Fi,2.0990783410138247
"Honey, I Shrunk the Kids (1989)",2054,Adventure|Children's|Comedy|Fantasy|Sci-Fi,2.9330143540669855
Lady and the Tramp (1955),2080,Animation|Children's|Comedy|Musical|Romance,3.8043981481481484
"Little Mermaid, The (1989)",2081,Animation|Children's|Comedy|Musical|Romance,3.756521739130435
"Muppet Christmas Carol, The (1992)",2083,Children's|Musical,3.6068702290076335
Newsies (1992),2084,Children's|Musical,3.129032258064516
"Faraway, So Close (In Weiter Ferne, So Nah!) (1993)",3920,Drama|Fantasy,3.712121212121212
One Magic Christmas (1985),2086,Drama|Fantasy,3.5517241379310347
"Boy Who Could Fly, The (1986)",2453,Drama|Fantasy,3.25
Peter Pan (1953),2087,Animation|Children's|Fantasy|Musical,3.65993265993266
Popeye (1980),2088,Adventure|Comedy|Musical,2.59447983014862
Return from Witch Mountain (1978),2091,Children's|Sci-Fi,2.849462365591398
Something Wicked This Way Comes (1983),2097,Children's|Horror,3.488262910798122
Splash (1984),2100,Comedy|Fantasy|Romance,3.4307824591573515
"Lock, Stock & Two Smoking Barrels (1998)",2542,Comedy|Crime|Thriller,3.8976
Dead Men Don't Wear Plaid (1982),2110,Comedy|Crime|Thriller,3.2643051771117166
"Goodbye, Lover (1999)",2586,Comedy|Crime|Thriller,2.96
"Lord of the Rings, The (1978)",2116,Adventure|Animation|Children's|Sci-Fi,3.3333333333333335
Snake Eyes (1998),2126,Action|Crime|Mystery|Thriller,2.7454545454545456
Doctor Dolittle (1967),2135,Adventure|Musical,3.2016806722689077
Watership Down (1978),2138,Animation|Children's|Drama|Fantasy,3.8426229508196723
"Dark Crystal, The (1982)",2140,Children's|Fantasy|Sci-Fi,3.652112676056338
Ladyhawke (1985),3479,Adventure|Fantasy|Romance,3.6734317343173433
Legend (1985),2143,Adventure|Fantasy|Romance,3.2704225352112677
Henry: Portrait of a Serial Killer (1990),2159,Crime|Horror,3.4794520547945207
"Henry: Portrait of a Serial Killer, Part 2 (1996)",2158,Crime|Horror,2.6
King Kong (1933),2366,Action|Adventure|Horror,3.6560846560846563
Blade (1998),2167,Action|Adventure|Horror,3.477132262051916
King Kong (1976),2367,Action|Adventure|Horror,2.7572815533980584
King Kong Lives (1986),2368,Action|Adventure|Horror,1.6896551724137931
Time Bandits (1981),2968,Adventure|Fantasy|Sci-Fi,3.6940594059405942
"Navigator: A Mediaeval Odyssey, The (1988)",2173,Adventure|Fantasy|Sci-Fi,3.5636363636363635
"Wrong Man, The (1956)",2182,Drama|Film-Noir|Thriller,3.5816326530612246
Toys (1992),2253,Action|Comedy|Fantasy,2.5636363636363635
Them! (1954),2287,Sci-Fi|Thriller|War,3.4392857142857145
Soldier (1998),2322,Action|Adventure|Sci-Fi|Thriller|War,2.9310344827586206
Runaway Train (1985),2344,Action|Adventure|Drama|Thriller,3.4228855721393034
Psycho (1998),2389,Crime|Horror|Thriller,2.6515151515151514
Yellow Submarine (1968),2857,Animation|Musical,3.6967418546365916
"Prince of Egypt, The (1998)",2394,Animation|Musical,3.5716753022452505
American Pop (1981),3725,Animation|Musical,3.0714285714285716
"Dirty Dozen, The (1967)",2944,Action|War,4.0042432814710045
"Sea Wolves, The (1980)",3137,Action|War,3.8125
"Bridge at Remagen, The (1969)",3372,Action|War,3.5535714285714284
Force 10 from Navarone (1978),3519,Action|War,3.3467336683417086
Heartbreak Ridge (1986),2476,Action|War,3.3466666666666667
Red Dawn (1984),3441,Action|War,3.2757894736842106
Rambo: First Blood Part II (1985),2402,Action|War,2.825436408977556
Iron Eagle (1986),2815,Action|War,2.5940959409594098
Missing in Action (1984),3766,Action|War,2.5392670157068062
Rambo III (1988),2404,Action|War,2.3421926910299002
Jumpin' Jack Flash (1986),2468,Action|Comedy|Romance|Thriller,2.770053475935829
American Psycho (2000),3535,Comedy|Horror|Thriller,3.219047619047619
"Day of the Beast, The (El Día de la bestia) (1995)",2483,Comedy|Horror|Thriller,2.92
Psycho Beach Party (2000),3830,Comedy|Horror|Thriller,2.88
Peeping Tom (1960),2488,Drama|Horror|Thriller,3.8588235294117648
Westworld (1973),2527,Action|Sci-Fi|Thriller|Western,3.4213836477987423
Open Your Eyes (Abre los ojos) (1997),2594,Drama|Romance|Sci-Fi,3.9516129032258065
"Mummy, The (1999)",2617,Action|Adventure|Horror|Thriller,3.3217477656405165
Frogs for Snakes (1998),2631,Comedy|Film-Noir|Thriller,2.0
"Rocky Horror Picture Show, The (1975)",2657,Comedy|Horror|Musical|Sci-Fi,3.291159772911598
Free Enterprise (1998),2681,Comedy|Romance|Sci-Fi,3.604651162790698
Arachnophobia (1990),2699,Action|Comedy|Sci-Fi|Thriller,3.0029261155815656
Wild Wild West (1999),2701,Action|Sci-Fi|Western,2.158536585365854
Little Shop of Horrors (1986),2746,Comedy|Horror|Musical,3.3322649572649574
"Yards, The (1999)",2769,Crime|Mystery,3.220779220779221
Perfect Blue (1997),2810,Animation|Mystery,3.926829268292683
"13th Warrior, The (1999)",2826,Action|Horror|Thriller,3.1586666666666665
Excalibur (1981),2872,Action|Drama|Fantasy|Romance,3.81266846361186
"Dark Half, The (1993)",2898,Horror|Mystery,2.7450980392156863
Gulliver's Travels (1939),2899,Adventure|Animation|Children's,3.547008547008547
Digimon: The Movie (2000),3945,Adventure|Animation|Children's,1.4883720930232558
South Pacific (1958),2941,Musical|Romance|War,3.6142857142857143
Bronco Billy (1980),3834,Adventure|Drama|Romance,2.8238636363636362
"Blue Lagoon, The (1980)",2950,Adventure|Drama|Romance,2.332369942196532
Who Framed Roger Rabbit? (1988),2987,Adventure|Animation|Film-Noir,3.6798221234018897
"Princess Mononoke, The (Mononoke Hime) (1997)",3000,Action|Adventure|Animation,4.147826086956521
One Little Indian (1973),3607,Comedy|Drama|Western,5.0
Yojimbo (1961),3030,Comedy|Drama|Western,4.404651162790698
Little Big Man (1970),3037,Comedy|Drama|Western,4.04399323181049
Galaxy Quest (1999),3175,Adventure|Comedy|Sci-Fi,3.771412037037037
"Crimson Pirate, The (1952)",3417,Adventure|Comedy|Sci-Fi,3.589041095890411
"Adventures of Buckaroo Bonzai Across the 8th Dimension, The (1984)",3070,Adventure|Comedy|Sci-Fi,3.3878887070376433
Santa Fe Trail (1940),3122,Drama|Romance|Western,3.3793103448275863
Bicentennial Man (1999),3156,Comedy|Drama|Sci-Fi,2.906005221932115
"Bodyguard, The (1992)",3257,Action|Drama|Romance|Thriller,2.8594249201277955
Breathless (1983),3584,Action|Drama|Romance|Thriller,2.7674418604651163
Forever Young (1992),3269,Adventure|Romance|Sci-Fi,3.20335429769392
Bluebeard (1944),3305,Film-Noir|Horror,4.0
Key Largo (1948),3334,Crime|Drama|Film-Noir|Thriller,4.082429501084599
Where Eagles Dare (1969),3366,Action|Adventure|War,3.811320754716981
Captain Horatio Hornblower (1951),3406,Action|Adventure|War,3.7523809523809524
"Big Country, The (1958)",3368,Romance|Western,3.6507936507936507
Teenage Mutant Ninja Turtles (1990),3438,Action|Children's|Fantasy,2.6779026217228465
Teenage Mutant Ninja Turtles II: The Secret of the Ooze (1991),3439,Action|Children's|Fantasy,2.1274900398406373
Teenage Mutant Ninja Turtles III (1993),3440,Action|Children's|Fantasy,1.9202127659574468
Lord of the Flies (1963),3461,Adventure|Drama|Thriller,3.6657223796033995
Hook (1991),3489,Adventure|Fantasy,3.018005540166205
Cabaret (1972),3545,Musical|War,3.9029345372460496
"Slipper and the Rose, The (1976)",3612,Adventure|Musical|Romance,3.6333333333333333
Moonraker (1979),3638,Action|Romance|Sci-Fi,3.191717791411043
Blood Simple (1984),3683,Drama|Film-Noir,4.218152866242038
Night of the Creeps (1986),3696,Comedy|Horror|Sci-Fi,2.5538461538461537
Starman (1984),3699,Adventure|Drama|Romance|Sci-Fi,3.461271676300578
Titan A.E. (2000),3745,Adventure|Animation|Sci-Fi,3.3813084112149534
Dreamscape (1984),3770,Adventure|Crime|Sci-Fi|Thriller,3.470414201183432
